Workbook

Sheet SCORE_INPUT
A1: Supplier Scorecard Controlled Input
A2: Unlock only the controlled generator cells. Printed face pulls values by formula.
A4: Metric | B4: Target | C4: Actual Result | D4: Score | E4: Comments / Action
A5: Quality
A6: Delivery
A7: Responsiveness
A8: Certification / Scope Discipline
A9: Action Closure
A10: Customer-Specific Metric 1
A11: Customer-Specific Metric 2
A14: Scorecard ID
A15: Supplier / Site
A16: Scorecard Period
A17: Commodity / Process Family
A18: Scorecard Owner
... A25: Review Cadence

Sheet SCORECARD_FACE
Q1: Supplier Scorecard | BK1: Form Code | BS1: FRM-405
BK2: Revision | BS2: V0
BK3: Eff. Date | BS3: YYYY-MM-DD
Q4: Quality Management System · Controlled Document | BK4: Owner | BS4: Purchasing + QA
Q5: HESEM Engineering · ISO 9001 / AS9100 · Semiconductor Equipment Parts | BK5: Approved | BS5: General Manager
A7: 1. SCORECARD HEADER
A8: Supplier / Site | AP8: Scorecard ID
A9: Scorecard Period | AP9: Commodity / Process Family
A10: Scorecard Owner | AP10: Status
A11: Evidence Package Ref | AP11: Risk Level
A13: 2. PERFORMANCE METRICS
A14: Metric | W14: Target | AI14: Actual Result | AU14: Score | BC14: Comments / Action
A15: Quality | W15: =SCORE_INPUT!B5 | AI15: =SCORE_INPUT!C5 | AU15: =SCORE_INPUT!D5 | BC15: =SCORE_INPUT!E5
A16: Delivery | W16: =SCORE_INPUT!B6 | AI16: =SCORE_INPUT!C6 | AU16: =SCORE_INPUT!D6 | BC16: =SCORE_INPUT!E6
A17: Responsiveness | W17: =SCORE_INPUT!B7 | AI17: =SCORE_INPUT!C7 | AU17: =SCORE_INPUT!D7 | BC17: =SCORE_INPUT!E7
A18: Certification / Scope Discipline | W18: =SCORE_INPUT!B8 | AI18: =SCORE_INPUT!C8 | AU18: =SCORE_INPUT!D8 | BC18: =SCORE_INPUT!E8
A19: Action Closure | W19: =SCORE_INPUT!B9 | AI19: =SCORE_INPUT!C9 | AU19: =SCORE_INPUT!D9 | BC19: =SCORE_INPUT!E9
A20: Customer-Specific Metric 1 | W20: =SCORE_INPUT!B10 | AI20: =SCORE_INPUT!C10 | AU20: =SCORE_INPUT!D10 | BC20: =SCORE_INPUT!E10
A21: Customer-Specific Metric 2 | W21: =SCORE_INPUT!B11 | AI21: =SCORE_INPUT!C11 | AU21: =SCORE_INPUT!D11 | BC21: =SCORE_INPUT!E11
A23: 3. RISK / TREND / REVIEW DECISION
A24: Trend Note | AP24: Review Cadence
A25: Probation Trigger | AP25: Block Trigger
A26: Recovery Plan | AP26: Released by
A27: Printed by | AP27: Verified Application / Void
A28: Print Event State | AP28: Print Log Ref
A30: NOTICE: Fixed print face only. Maintain metric input on SCORE_INPUT and print/reprint trace on PRINT_LOG. No signature on the printed face.

Sheet PRINT_LOG
A1: Print Event Log
A2: Print-object scorecard summarizing supplier status. Influences approved-source and recovery decisions but is not the live evidence source or approval transaction.
A4: # | B4: Date-Time | C4: Event State | D4: User | E4: Qty | F4: Reason / Event Ref | G4: Verified by | H4: Evidence Ref
A5: =ROW()-ROW($A$5)+1
A6: =ROW()-ROW($A$5)+1
A7: =ROW()-ROW($A$5)+1
A8: =ROW()-ROW($A$5)+1
A9: =ROW()-ROW($A$5)+1
A10: =ROW()-ROW($A$5)+1
A11: =ROW()-ROW($A$5)+1
A12: =ROW()-ROW($A$5)+1
A13: =ROW()-ROW($A$5)+1
A14: =ROW()-ROW($A$5)+1
A15: =ROW()-ROW($A$5)+1
A16: =ROW()-ROW($A$5)+1
... A24: =ROW()-ROW($A$5)+1

Sheet LISTS
A1: SUPPLIER_SCORECARD_STATUS | B1: RISK | C1: PRINT_EVENT_STATE | D1: STATUS | E1: RESULT | F1: YES_NO | G1: OWNER_DEPT | H1: DISPOSITION_GATE | I1: CLOSEOUT_STATE | J1: ACTION_STATUS | K1: REASON_CODE_LIST
A2: APPROVED | B2: LOW | C2: REQUESTED | D2: OPEN | E2: PASS | F2: YES | G2: SALES | H2: APPROVED | I2: CLOSED | J2: OPEN | K2: CERT MISMATCH
A3: CONDITIONAL | B3: MEDIUM | C3: PRINTED | D3: IN PROGRESS | E3: HOLD | F3: NO | G3: ENG | H3: CONDITIONAL | I3: NOT CLOSED | J3: IN PROGRESS | K3: TRACEABILITY BREAK
A4: PROBATION | B4: HIGH | C4: VERIFIED | D4: CLOSED | E4: FAIL | F4: NA | G4: PLANNING | H4: HOLD | J4: OVERDUE | K4: DAMAGE
A5: BLOCK | B5: CRITICAL | C5: APPLIED | D5: MONITORING | E5: NA | G5: PROD | H5: REJECT | J5: VERIFIED | K5: LATE DELIVERY
C6: VOID | G6: QA | J6: INEFFECTIVE | K6: SPEC DEVIATION
C7: SCRAP | G7: PUR | J7: CLOSED | K7: PACKAGING ISSUE
C8: REPRINT | G8: WHS | K8: DOC GAP
G9: IT | K9: CAL STATUS ISSUE
G10: HR | K10: CLEANLINESS RISK
G11: MGT | K11: OTHER

Sheet PRINT_CONTROL
A1: Print Control
A2: No signature on printed face. Control release / print / verify / void here.
A4: Field | B4: Value / Reference | C4: Notes
A5: Print State | C5: REQUESTED / PRINTED / VERIFIED / APPLIED / VOID / SCRAP / REPRINT
A6: Released by
A7: Printed by
A8: Verified by
A9: Void / Scrap by
A10: Reason / Event Ref
A11: Application Location / Lot
A12: Evidence Ref

Sheet SOURCE_REF
A1: Source / Reference Basis
A2: Controlled source fields only. Do not free-type identity data that already belong to the source system.
A4: Field | B4: Value / Reference | C4: Notes
A5: Source of Truth | B5: M365 evidence / shared workbook | C5: Do not duplicate ERP/M365/ANNEX master data.
A6: Cross-Reference Boundary | B6: Print-object scorecard summarizing supplier status. Influences approved-source and recovery decisions but is not the live evidence source or approval transaction. | C6: This form does not replace SOP-401; it records the evidence, data or decision required by that SOP. Rules, matrices, dictionaries, acceptance criteria and data definitions belong in ANNEX-PUR-001/002/003 + ANNEX-ENG-002; do not copy ANNEX content into the live data-entry body. System-of-record / source-of-truth boundary: M365 evidence / shared workbook. If the master data already live there, reference or import them; do not re-key without need.
A7: SOP SOP-401 | B7: SOP-401 — Kiểm soát nhà cung cấp, mua hàng và công đoạn đặc biệt thuê ngoài | HESEM QMS | C7: qms.hesem.com.vn/03-Tai-Lieu-Van-Hanh/01-SOPs/04-SOP-400/sop-401-supplier-control-and-special-process.html
A8: ANNEX ANNEX-PUR-001 | B8: ANNEX-PUR-001 — Mô hình rủi ro nhà cung cấp và phương pháp scorecard | C8: qms.hesem.com.vn/03-Tai-Lieu-Van-Hanh/03-Reference/02-ANNEX-Standards/annex-pur-001-supplier-risk-model-and-scorecard-method.html
A9: ANNEX ANNEX-PUR-002 | B9: ANNEX-PUR-002 — Gói kiểm soát outsource / special process / cert flow-down | C9: qms.hesem.com.vn/03-Tai-Lieu-Van-Hanh/03-Reference/02-ANNEX-Standards/annex-pur-002-outsource-special-process-pack.html
A10: ANNEX ANNEX-PUR-003 | B10: ANNEX-PUR-003 — Approved processor list, scope approval và rule tạm ngưng | C10: qms.hesem.com.vn/03-Tai-Lieu-Van-Hanh/03-Reference/02-ANNEX-Standards/annex-pur-003-approved-processor-list.html
A11: ANNEX ANNEX-ENG-002 | B11: ANNEX-ENG-002 — Approved materials list, source restriction và rule thay thế | C11: qms.hesem.com.vn/03-Tai-Lieu-Van-Hanh/03-Reference/02-ANNEX-Standards/annex-eng-002-approved-materials-list.html
