Workbook

Sheet PRINT_FACE
I1: WIP Tag | AE1: Form Code | AI1: FRM-703
AE2: Revision | AI2: V0
AE3: Eff. Date | AI3: YYYY-MM-DD
I4: Quality Management System · Controlled Document | AE4: Owner | AI4: Warehouse + QA
I5: HESEM Engineering · ISO 9001 / AS9100 · Semiconductor Equipment Parts | AE5: Approved | AI5: General Manager
A7: 1. PRINT REQUEST / CONTROL CONTEXT
A8: WIP Tag ID | H8: =IF(GENERATOR!$B$5="","",GENERATOR!$B$5) | U8: Print Status | AB8: =IF(GENERATOR!$B$12="","",GENERATOR!$B$12)
A9: Job / Lot / Part / Revision | H9: =IF(GENERATOR!$B$6="","",GENERATOR!$B$6) | U9: Current Operation / Qty | AB9: =IF(GENERATOR!$B$13="","",GENERATOR!$B$13)
A10: Area / Location / Room | H10: =IF(GENERATOR!$B$7="","",GENERATOR!$B$7) | U10: Released by / Date-Time | AB10: =IF(GENERATOR!$B$14="","",GENERATOR!$B$14)
A11: Evidence Package Ref | H11: =IF(GENERATOR!$B$8="","",GENERATOR!$B$8) | U11: Print Qty / Application Status | AB11: =IF(GENERATOR!$B$15="","",GENERATOR!$B$15)
A12: Encoded Data Ref | H12: =IF(GENERATOR!$B$9="","",GENERATOR!$B$9) | U12: Warehouse Owner | AB12: =IF(GENERATOR!$B$16="","",GENERATOR!$B$16)
A14: 2. PRINTED FACE / CONTROLLED IDENTITY
A15: Tag Face / Status | H15: =IF(GENERATOR!$B$19="","",GENERATOR!$B$19) | U15: Operation / Workcenter | AB15: =IF(GENERATOR!$B$20="","",GENERATOR!$B$20)
A16: Part No. / Revision | H16: =IF(GENERATOR!$B$21="","",GENERATOR!$B$21) | U16: Lot / Quantity | AB16: =IF(GENERATOR!$B$22="","",GENERATOR!$B$22)
A17: Job / Route Step | H17: =IF(GENERATOR!$B$23="","",GENERATOR!$B$23) | U17: Area / Location | AB17: =IF(GENERATOR!$B$24="","",GENERATOR!$B$24)
A18: Encoded String / Barcode Ref | H18: =IF(GENERATOR!$B$25="","",GENERATOR!$B$25) | U18: Application Note | AB18: =IF(GENERATOR!$B$26="","",GENERATOR!$B$26)
A20: 3. VERIFICATION / APPLICATION CHECK
A21: # | C21: Cat. | F21: Verification Check | T21: Acceptance Rule | AF21: Result | AJ21: Owner | AM21: Ref.
A22: =ROW()-ROW($A$22)+1 | C22: ID | F22: Identity match | T22: Controlled print record and application evidence
A23: =ROW()-ROW($A$22)+1 | C23: PRINT | F23: Readable print | T23: Controlled print record and application evidence
A24: =ROW()-ROW($A$22)+1 | C24: QTY | F24: Correct quantity | T24: Controlled print record and application evidence
A25: =ROW()-ROW($A$22)+1 | C25: APPLY | F25: Application status | T25: Controlled print record and application evidence
A26: =ROW()-ROW($A$22)+1 | C26: VOID | F26: Void / scrap control | T26: Controlled print record and application evidence
A33: 4. PRINT CONTROL REFERENCE
A34: # | C34: Control Field | M34: Required Record | Y34: Owner | AD34: Event State | AI34: Verified by | AL34: Evidence Ref
A35: =ROW()-ROW($A$35)+1 | C35: Released by
A36: =ROW()-ROW($A$35)+1 | C36: Printed by
A37: =ROW()-ROW($A$35)+1 | C37: Verified application
A38: =ROW()-ROW($A$35)+1 | C38: Void / scrap
A39: =ROW()-ROW($A$35)+1 | C39: Reprint justification
A41: 5. APPLICATION STATUS / NOTES
A42: Released by / Date-Time | N42: Printed by / Date-Time | AA42: Print Event State
A43: =IF(PRINT_CONTROL!$B$5="","",PRINT_CONTROL!$B$5) | N43: =IF(PRINT_CONTROL!$B$6="","",PRINT_CONTROL!$B$6) | AA43: =IF(PRINT_CONTROL!$B$5="","",PRINT_CONTROL!$B$5)
A47: NOTICE: Printed face only. No signature on the printed face. Record release, print, verify, void or scrap event in PRINT_CONTROL and PRINT_LOG.

Sheet LISTS
A1: PRINT_EVENT_STATE | B1: STATUS | C1: OWNER_DEPT
A2: REQUESTED | B2: OPEN | C2: SALES
A3: PRINTED | B3: IN PROGRESS | C3: ENG
A4: VERIFIED | B4: CLOSED | C4: PLANNING
A5: APPLIED | B5: MONITORING | C5: PROD
A6: VOID | C6: QA
A7: SCRAP | C7: PUR
A8: REPRINT | C8: WHS
C9: IT
C10: HR
C11: MGT

Sheet GENERATOR
A1: Print Generator
A2: Controlled generator sheet for fixed print face. Edit only approved generator fields.
A4: Field | B4: Value / Source | C4: Notes
A5: WIP Tag ID | C5: Controlled generator/source field for printed face
A6: Job / Lot / Part / Revision | C6: Controlled generator/source field for printed face
A7: Area / Location / Room | C7: Controlled generator/source field for printed face
A8: Evidence Package Ref | C8: Controlled generator/source field for printed face
A9: Encoded Data Ref | C9: Controlled generator/source field for printed face
A10: Print Status | C10: Controlled generator/source field for printed face
A11: Current Operation / Qty | C11: Controlled generator/source field for printed face
A12: Released by / Date-Time | C12: Controlled generator/source field for printed face
A13: Print Qty / Application Status | C13: Controlled generator/source field for printed face
A14: Warehouse Owner | C14: Controlled generator/source field for printed face
A15: Tag Face / Status | C15: Controlled generator/source field for printed face
A16: Operation / Workcenter | C16: Controlled generator/source field for printed face
... A22: Application Note | C22: Controlled generator/source field for printed face

Sheet PRINT_CONTROL
A1: Print Control
A2: No signature on printed face. Control release / print / verify / void here.
A4: Field | B4: Value / Reference | C4: Notes
A5: Print State | C5: REQUESTED / PRINTED / VERIFIED / APPLIED / VOID / SCRAP / REPRINT
A6: Released by
A7: Printed by
A8: Verified by
A9: Void / Scrap by
A10: Reason / Event Ref
A11: Application Location / Lot
A12: Evidence Ref

Sheet PRINT_LOG
A1: Print Event Log
A2: Controlled WIP tag print object. Keep printed face limited to approved identity and status only.
A4: # | B4: Date-Time | C4: Event State | D4: User | E4: Qty | F4: Reason / Event Ref | G4: Verified by | H4: Evidence Ref
A5: =ROW()-ROW($A$5)+1
A6: =ROW()-ROW($A$5)+1
A7: =ROW()-ROW($A$5)+1
A8: =ROW()-ROW($A$5)+1
A9: =ROW()-ROW($A$5)+1
A10: =ROW()-ROW($A$5)+1
A11: =ROW()-ROW($A$5)+1
A12: =ROW()-ROW($A$5)+1
A13: =ROW()-ROW($A$5)+1
A14: =ROW()-ROW($A$5)+1

Sheet SOURCE_REF
A1: Source / Boundary Guidance
A2: Controlled WIP tag print object. Keep printed face limited to approved identity and status only.
A4: Field | B4: Value / Reference | C4: Notes
A5: Source of Truth | B5: Epicor transaction + M365 evidence | C5: Do not duplicate ERP/M365/ANNEX master data.
A6: Cross-Reference Boundary | B6: This form does not replace SOP-701; it records the evidence, data or decision required by that SOP. Detailed task execution belongs in WI-702; this form captures results, checks, decisions or exceptions only. Rules, matrices, dictionaries, acceptance criteria and data definitions belong in ANNEX-WHS-001/002 + ANNEX-QMS-007/014/017; do not copy ANNEX content into the live data-entry body. System-of-record / source-of-truth boundary: Epicor transaction + M365 evidence. If the master data already live there, reference or import them; do not re-key without need. | C6: This form does not replace SOP-701; it records the evidence, data or decision required by that SOP. Detailed task execution belongs in WI-702; this form captures results, checks, decisions or exceptions only. Rules, matrices, dictionaries, acceptance criteria and data definitions belong in ANNEX-WHS-001/002 + ANNEX-QMS-007/014/017; do not copy ANNEX content into the live data-entry body. System-of-record / source-of-truth boundary: Epicor transaction + M365 evidence. If the master data already live there, reference or import them; do not re-key without need.
A7: SOP-701 | B7: SOP-701 — Tiếp nhận, kho, đóng gói, thao tác và bảo quản | HESEM QMS | C7: qms.hesem.com.vn/03-Tai-Lieu-Van-Hanh/01-SOPs/07-SOP-700/sop-701-receiving-packaging-handling-and-storage.html
A8: WI-702 | B8: WI-702 — Bảo quản, môi trường kho/xưởng, vị trí, FIFO/FEFO và kiểm soát chạm hỏng | C8: qms.hesem.com.vn/03-Tai-Lieu-Van-Hanh/02-Work-Instructions/07-WI-700/wi-702-storage-environment-location-and-fifo-control.html
A9: ANNEX-WHS-001 | B9: ANNEX-WHS-001 — Quy cách đóng gói, nhãn, bảo quản và bằng chứng gói hàng | C9: qms.hesem.com.vn/03-Tai-Lieu-Van-Hanh/03-Reference/02-ANNEX-Standards/annex-whs-001-packaging-labeling-spec.html
A10: ANNEX-WHS-002 | B10: ANNEX-WHS-002 — Quy tắc vị trí kho, zoning, FIFO/FEFO, staging và cycle count | C10: qms.hesem.com.vn/03-Tai-Lieu-Van-Hanh/03-Reference/02-ANNEX-Standards/annex-whs-002-warehouse-location-fifo-rules.html
A11: ANNEX-QMS-007 | B11: ANNEX-QMS-007 — Từ điển dữ liệu GS1/SSCC, quy tắc cấp mã và đối soát kiện hàng | C11: qms.hesem.com.vn/03-Tai-Lieu-Van-Hanh/03-Reference/01-ANNEX-System/annex-qms-007-gs1-sscc-data-dictionary-and-pack-reconciliation.html
A12: ANNEX-QMS-014 | B12: ANNEX-QMS-014 — Chỉ mục put-thru / pass-through / tuyến đặc biệt và yêu cầu hồ sơ đi kèm | C12: qms.hesem.com.vn/03-Tai-Lieu-Van-Hanh/03-Reference/01-ANNEX-System/annex-qms-014-put-thru-index.html
A13: ANNEX-QMS-017 | B13: ANNEX-QMS-017 — Chương trình phòng ngừa FOD | C13: qms.hesem.com.vn/03-Tai-Lieu-Van-Hanh/03-Reference/01-ANNEX-System/annex-qms-017-fod-prevention-program.html
A14: Open When | B14: Open only from the approved print trigger or parent release transaction; do not open ad hoc for uncontrolled printing. | C14: Operational trigger
A15: Close When | B15: Close after the label / card is printed, verified, applied or voided, with reprint and scrap events controlled. | C15: Release / closure rule
